{"stats":{"minecraft:picked_up":{"minecraft:charcoal":4,"minecraft:coarse_dirt":4,"minecraft:crafting_table":1,"minecraft:cooked_beef":6,"minecraft:redstone_block":1,"minecraft:repeater":2,"minecraft:chainmail_boots":2,"minecraft:clay_ball":4,"minecraft:glow_ink_sac":3,"minecraft:andesite":2,"minecraft:cut_sandstone":75,"minecraft:golden_leggings":2,"minecraft:wooden_pickaxe":1,"minecraft:potato":1,"minecraft:cooked_rabbit":4,"minecraft:tuff":1,"minecraft:smooth_sandstone_stairs":9,"minecraft:chainmail_chestplate":2,"minecraft:chain":1,"minecraft:golden_sword":1,"minecraft:shield":1,"minecraft:string":1,"minecraft:oak_trapdoor":1,"minecraft:dirt":12,"minecraft:flint_and_steel":1,"minecraft:cooked_mutton":3,"minecraft:armor_stand":2,"minecraft:smooth_sandstone":9,"minecraft:birch_fence":1,"minecraft:acacia_planks":27,"minecraft:wheat_seeds":7,"minecraft:bucket":1,"minecraft:light_weighted_pressure_plate":1,"minecraft:stone_pickaxe":2,"minecraft:moss_block":2,"minecraft:spruce_trapdoor":7,"minecraft:piston":1,"minecraft:acacia_sapling":1,"minecraft:stick":21,"minecraft:raw_iron":2,"minecraft:sandstone":137,"minecraft:cooked_porkchop":20,"minecraft:torch":7,"minecraft:acacia_log":30,"minecraft:sand":2,"minecraft:amethyst_shard":17,"minecraft:stripped_spruce_log":7,"minecraft:diorite":1,"minecraft:redstone":5,"minecraft:goat_horn":1,"minecraft:smooth_sandstone_slab":6,"minecraft:tnt":4,"minecraft:arrow":21,"minecraft:dispenser":1,"simplyswords:iron_scythe":1,"minecraft:crossbow":2,"minecraft:yellow_terracotta":13,"minecraft:baked_potato":9,"minecraft:blue_banner":2,"minecraft:mangrove_propagule":1,"minecraft:coal":1,"minecraft:cobblestone":102},"minecraft:killed_by":{"minecraft:player":1,"minecraft:skeleton":1,"minecraft:zombie":4},"minecraft:crafted":{"minecraft:crafting_table":1,"minecraft:wooden_pickaxe":1,"minecraft:furnace":1,"minecraft:cooked_mutton":1,"minecraft:stick":16,"minecraft:wooden_axe":1,"minecraft:acacia_planks":116},"minecraft:used":{"minecraft:cooked_mutton":2,"minecraft:water_bucket":7,"minecraft:wooden_pickaxe":52,"minecraft:iron_sword":3,"minecraft:sandstone":93,"minecraft:dirt":6,"minecraft:sand":1,"minecraft:crafting_table":1,"minecraft:tuff":1,"minecraft:wooden_axe":61,"minecraft:iron_axe":32,"minecraft:mangrove_propagule":1,"minecraft:fire_charge":1,"minecraft:furnace":1,"minecraft:goat_horn":16,"minecraft:bucket":8,"minecraft:potato":1},"minecraft:broken":{"minecraft:wooden_axe":1},"minecraft:killed":{"naturalist:giraffe":1},"minecraft:mined":{"minecraft:acacia_leaves":25,"minecraft:clay":1,"minecraft:spruce_trapdoor":7,"minecraft:acacia_log":29,"minecraft:decorated_pot":1,"minecraft:grass_block":6,"minecraft:dead_bush":2,"minecraft:moss_block":2,"minecraft:coarse_dirt":1,"minecraft:stripped_spruce_log":7,"minecraft:tnt":2,"minecraft:grass":23,"minecraft:dirt":4,"minecraft:stone":26,"minecraft:cake":1},"minecraft:custom":{"minecraft:interact_with_furnace":5,"minecraft:mob_kills":1,"minecraft:interact_with_crafting_table":7,"minecraft:open_barrel":19,"minecraft:interact_with_campfire":25,"minecraft:interact_with_grindstone":1,"minecraft:leave_game":1,"minecraft:time_since_death":110660,"minecraft:climb_one_cm":17647,"minecraft:time_since_rest":110689,"minecraft:sprint_one_cm":431688,"minecraft:damage_taken":2897,"minecraft:walk_one_cm":479304,"minecraft:trigger_trapped_chest":1,"minecraft:drop":26,"minecraft:damage_dealt":439,"minecraft:talked_to_villager":1,"minecraft:swim_one_cm":51941,"minecraft:fly_one_cm":358227,"minecraft:open_chest":56,"minecraft:crouch_one_cm":6061,"minecraft:play_time":181992,"minecraft:deaths":8,"minecraft:sneak_time":1599,"minecraft:walk_under_water_one_cm":32841,"minecraft:interact_with_lectern":10,"minecraft:jump":2328,"minecraft:walk_on_water_one_cm":33531,"minecraft:interact_with_smoker":1,"minecraft:total_world_time":181992,"minecraft:fall_one_cm":72456,"minecraft:horse_one_cm":116348},"minecraft:dropped":{"minecraft:goat_horn":1,"minecraft:wheat_seeds":1,"minecraft:tnt":4,"minecraft:crossbow":2,"minecraft:yellow_terracotta":6,"minecraft:iron_helmet":1,"minecraft:cooked_mutton":2,"minecraft:coal":1,"minecraft:chainmail_chestplate":2,"minecraft:filled_map":1,"minecraft:torch":1,"minecraft:blue_banner":1,"minecraft:golden_leggings":1,"minecraft:acacia_sapling":1,"minecraft:chainmail_boots":1,"minecraft:sand":1,"minecraft:stone_pickaxe":1,"minecraft:acacia_planks":118}},"DataVersion":3465}