{"stats":{"minecraft:picked_up":{"minecraft:shelter_pottery_sherd":1,"minecraft:charcoal":4,"minecraft:coarse_dirt":4,"minecraft:crafting_table":1,"minecraft:chainmail_boots":2,"minecraft:redstone_block":1,"minecraft:clay_ball":4,"minecraft:smithing_table":1,"minecraft:wooden_pickaxe":1,"minecraft:cooked_rabbit":4,"minecraft:chain":1,"minecraft:golden_sword":1,"minecraft:shield":1,"minecraft:string":1,"minecraft:oak_trapdoor":1,"minecraft:flint_and_steel":1,"minecraft:red_nether_bricks":1,"minecraft:iron_leggings":1,"minecraft:armor_stand":2,"minecraft:birch_fence":1,"minecraft:bucket":1,"minecraft:light_weighted_pressure_plate":1,"minecraft:player_head":2,"minecraft:spruce_trapdoor":7,"minecraft:piston":1,"minecraft:golden_helmet":1,"minecraft:sheaf_pottery_sherd":1,"minecraft:stick":21,"minecraft:raw_iron":2,"minecraft:sandstone":153,"minecraft:stripped_mangrove_wood":2,"minecraft:torch":11,"minecraft:acacia_log":30,"minecraft:lightning_rod":1,"minecraft:diorite":1,"minecraft:redstone":5,"minecraft:goat_horn":1,"minecraft:smooth_sandstone_slab":6,"minecraft:tnt":4,"minecraft:arrow":21,"simplyswords:iron_scythe":1,"minecraft:stripped_dark_oak_wood":2,"minecraft:yellow_terracotta":13,"minecraft:mutton":2,"minecraft:white_wool":2,"minecraft:cobblestone":102,"minecraft:cooked_beef":6,"minecraft:repeater":2,"minecraft:andesite":2,"minecraft:glow_ink_sac":3,"minecraft:cut_sandstone":75,"minecraft:leather":2,"minecraft:golden_leggings":3,"minecraft:potato":1,"minecraft:tuff":1,"minecraft:smooth_sandstone_stairs":9,"minecraft:chainmail_chestplate":2,"minecraft:lapis_lazuli":12,"minecraft:dirt":12,"minecraft:cooked_mutton":3,"minecraft:smooth_sandstone":10,"minecraft:acacia_planks":27,"minecraft:wheat_seeds":7,"minecraft:stone_pickaxe":2,"minecraft:bamboo":1,"minecraft:moss_block":2,"minecraft:acacia_sapling":1,"minecraft:emerald_block":1,"minecraft:cooked_porkchop":20,"minecraft:sand":66,"minecraft:amethyst_shard":17,"minecraft:stripped_spruce_log":7,"travelersbackpack:standard":1,"minecraft:dispenser":1,"minecraft:snort_pottery_sherd":1,"minecraft:angler_pottery_sherd":1,"minecraft:iron_helmet":1,"minecraft:crossbow":3,"minecraft:blue_banner":2,"minecraft:baked_potato":9,"minecraft:coal":1,"minecraft:mangrove_propagule":1},"minecraft:killed_by":{"minecraft:player":1,"minecraft:skeleton":1,"minecraft:zombie":4},"minecraft:crafted":{"minecraft:furnace":1,"minecraft:cooked_mutton":1,"minecraft:crafting_table":1,"minecraft:wooden_pickaxe":1,"minecraft:stick":16,"minecraft:wooden_axe":1,"minecraft:acacia_planks":116},"minecraft:used":{"minecraft:netherite_sword":4,"minecraft:iron_sword":9,"minecraft:torch":2,"minecraft:dirt":6,"minecraft:tuff":1,"minecraft:wooden_axe":61,"minecraft:iron_axe":36,"minecraft:netherite_boots":1,"minecraft:goat_horn":18,"minecraft:furnace":1,"minecraft:potato":1,"minecraft:cooked_mutton":2,"minecraft:water_bucket":9,"minecraft:diamond_boots":2,"minecraft:netherite_chestplate":1,"minecraft:wooden_pickaxe":52,"minecraft:sandstone":93,"minecraft:sand":26,"minecraft:crafting_table":1,"minecraft:diamond_shovel":144,"minecraft:mangrove_propagule":1,"minecraft:fire_charge":1,"travelersbackpack:standard":1,"minecraft:bucket":9},"minecraft:broken":{"minecraft:wooden_axe":1},"minecraft:killed":{"naturalist:elephant":1,"naturalist:giraffe":1,"minecraft:husk":1,"minecraft:sheep":1},"minecraft:mined":{"minecraft:spruce_trapdoor":7,"minecraft:acacia_log":29,"minecraft:decorated_pot":1,"minecraft:grass_block":6,"minecraft:moss_block":2,"minecraft:stripped_spruce_log":7,"minecraft:stripped_dark_oak_wood":1,"minecraft:stone":26,"minecraft:stripped_mangrove_wood":1,"minecraft:player_head":1,"minecraft:cake":1,"minecraft:acacia_leaves":25,"minecraft:clay":1,"minecraft:dead_bush":2,"minecraft:coarse_dirt":1,"minecraft:tnt":2,"minecraft:grass":23,"minecraft:sand":72,"minecraft:dirt":4},"minecraft:custom":{"minecraft:interact_with_smithing_table":1,"minecraft:mob_kills":4,"minecraft:interact_with_crafting_table":7,"minecraft:open_barrel":37,"minecraft:interact_with_campfire":25,"minecraft:leave_game":1,"minecraft:time_since_death":170300,"minecraft:climb_one_cm":18930,"minecraft:sprint_one_cm":678956,"minecraft:walk_one_cm":607583,"minecraft:drop":47,"minecraft:talked_to_villager":9,"minecraft:play_time":241632,"minecraft:deaths":8,"minecraft:sneak_time":1930,"minecraft:walk_under_water_one_cm":44194,"minecraft:interact_with_lectern":10,"minecraft:jump":3367,"minecraft:walk_on_water_one_cm":42743,"minecraft:total_world_time":241632,"minecraft:interact_with_furnace":5,"minecraft:interact_with_grindstone":1,"minecraft:time_since_rest":170329,"minecraft:damage_taken":3215,"minecraft:trigger_trapped_chest":1,"minecraft:damage_dealt":912,"minecraft:swim_one_cm":78369,"minecraft:fly_one_cm":601202,"minecraft:open_chest":85,"minecraft:crouch_one_cm":6480,"minecraft:interact_with_smoker":1,"minecraft:fall_one_cm":104960,"minecraft:horse_one_cm":116348},"minecraft:dropped":{"minecraft:stripped_mangrove_wood":2,"minecraft:wheat_seeds":1,"minecraft:golden_helmet":2,"minecraft:tnt":4,"minecraft:crossbow":4,"minecraft:iron_helmet":1,"minecraft:yellow_terracotta":6,"minecraft:leather":2,"minecraft:coal":1,"minecraft:torch":5,"minecraft:stripped_dark_oak_wood":2,"minecraft:sand":1,"minecraft:smooth_sandstone":1,"minecraft:acacia_planks":118,"minecraft:goat_horn":1,"minecraft:player_head":2,"simplyswords:gold_sai":1,"minecraft:cooked_mutton":2,"minecraft:lightning_rod":1,"minecraft:chainmail_chestplate":2,"minecraft:filled_map":1,"minecraft:blue_banner":1,"minecraft:golden_leggings":3,"minecraft:acacia_sapling":1,"minecraft:chainmail_boots":1,"minecraft:bamboo":1,"minecraft:painting":3,"minecraft:diamond_boots":1,"minecraft:sandstone":16,"minecraft:red_nether_bricks":1,"minecraft:stone_pickaxe":1}},"DataVersion":3465}