{"stats":{"minecraft:picked_up":{"minecraft:crafting_table":3,"minecraft:coarse_dirt":13,"minecraft:wheat":6,"minecraft:chainmail_boots":1,"minecraft:golden_leggings":1,"minecraft:cut_sandstone":76,"minecraft:wooden_pickaxe":2,"minecraft:potato":3,"minecraft:flint":1,"minecraft:chainmail_chestplate":1,"minecraft:golden_sword":1,"minecraft:shield":3,"minecraft:dirt":16,"minecraft:string":5,"minecraft:red_bed":1,"minecraft:moss_carpet":2,"minecraft:cooked_mutton":2,"minecraft:item_frame":5,"minecraft:experience_bottle":1,"minecraft:acacia_planks":111,"minecraft:beetroot":1,"minecraft:bow":1,"minecraft:wheat_seeds":8,"minecraft:stone_pickaxe":1,"minecraft:moss_block":3,"minecraft:furnace":3,"minecraft:stick":16,"minecraft:raw_iron":38,"minecraft:sandstone":34,"minecraft:torch":6,"minecraft:acacia_log":10,"minecraft:green_bed":1,"minecraft:sand":29,"minecraft:amethyst_shard":42,"minecraft:goat_horn":1,"minecraft:tnt":19,"minecraft:arrow":19,"simplyswords:iron_scythe":1,"minecraft:emerald":1,"minecraft:crossbow":3,"minecraft:yellow_terracotta":1,"minecraft:mangrove_roots":1,"minecraft:black_wool":1,"minecraft:blue_banner":1,"minecraft:coal":71,"minecraft:mutton":6,"minecraft:mangrove_propagule":1,"minecraft:white_wool":3,"minecraft:cobblestone":99},"minecraft:killed_by":{"minecraft:skeleton":1,"minecraft:pillager":1},"minecraft:crafted":{"minecraft:crafting_table":1,"minecraft:wooden_pickaxe":2,"minecraft:bucket":1,"minecraft:cooked_mutton":5,"minecraft:flint_and_steel":1,"minecraft:stick":16,"minecraft:iron_ingot":6,"minecraft:stone_pickaxe":2,"minecraft:acacia_planks":32},"minecraft:used":{"minecraft:cooked_mutton":4,"minecraft:moss_block":1,"minecraft:water_bucket":1,"minecraft:flint_and_steel":29,"minecraft:stone_pickaxe":232,"minecraft:iron_sword":29,"minecraft:wooden_pickaxe":125,"minecraft:sandstone":7,"minecraft:cut_sandstone":75,"minecraft:torch":5,"minecraft:dirt":5,"minecraft:tnt":14,"minecraft:crafting_table":2,"minecraft:red_bed":1,"minecraft:chainmail_chestplate":1,"minecraft:crossbow":6,"minecraft:iron_pickaxe":2,"minecraft:golden_leggings":1,"simplyswords:iron_scythe":111,"minecraft:mangrove_roots":1,"minecraft:chainmail_boots":1,"minecraft:furnace":1,"minecraft:bucket":1,"minecraft:potato":17,"minecraft:coarse_dirt":10},"minecraft:broken":{"minecraft:wooden_pickaxe":3},"minecraft:killed":{"naturalist:rattlesnake":1,"minecraft:husk":1,"naturalist:coral_snake":2,"minecraft:sheep":3,"minecraft:pillager":1,"ribbits:ribbit":2,"naturalist:giraffe":1,"minecraft:villager":2,"minecraft:player":1},"minecraft:custom":{"minecraft:interact_with_furnace":8,"minecraft:mob_kills":15,"minecraft:interact_with_crafting_table":5,"minecraft:open_barrel":24,"minecraft:bell_ring":4,"minecraft:leave_game":2,"minecraft:time_since_death":136554,"minecraft:sleep_in_bed":2,"minecraft:climb_one_cm":18443,"minecraft:time_since_rest":18308,"minecraft:sprint_one_cm":308039,"minecraft:damage_taken":2500,"minecraft:walk_one_cm":512717,"minecraft:trigger_trapped_chest":1,"minecraft:drop":47,"minecraft:damage_dealt":3053,"minecraft:talked_to_villager":5,"minecraft:swim_one_cm":49839,"minecraft:player_kills":1,"minecraft:fly_one_cm":573878,"minecraft:open_chest":65,"minecraft:crouch_one_cm":1285,"minecraft:play_time":176959,"minecraft:deaths":4,"minecraft:sneak_time":517,"minecraft:walk_under_water_one_cm":28054,"minecraft:jump":3878,"minecraft:interact_with_blast_furnace":1,"minecraft:interact_with_smoker":2,"minecraft:walk_on_water_one_cm":19591,"minecraft:total_world_time":176959,"minecraft:fall_one_cm":115580,"minecraft:horse_one_cm":89134},"minecraft:mined":{"minecraft:dark_oak_planks":1,"minecraft:yellow_terracotta":1,"minecraft:tuff":1,"minecraft:cut_sandstone":3,"minecraft:acacia_leaves":5,"minecraft:red_bed":1,"minecraft:potted_cactus":1,"minecraft:mangrove_roots":1,"minecraft:torch":3,"minecraft:crafting_table":2,"minecraft:acacia_log":10,"minecraft:grass_block":5,"minecraft:dead_bush":2,"minecraft:cobblestone":1,"minecraft:tall_grass":5,"minecraft:deepslate_coal_ore":2,"minecraft:moss_block":1,"minecraft:diorite":3,"minecraft:sandstone":30,"minecraft:wall_torch":3,"minecraft:coarse_dirt":10,"minecraft:furnace":2,"minecraft:fire":6,"minecraft:iron_ore":36,"minecraft:andesite":2,"minecraft:moss_carpet":1,"minecraft:tnt":17,"minecraft:grass":52,"minecraft:coal_ore":47,"minecraft:deepslate_iron_ore":4,"minecraft:gravel":5,"minecraft:sand":27,"minecraft:dirt":3,"minecraft:stone":47,"minecraft:green_bed":1,"minecraft:tripwire":2,"minecraft:oak_leaves":1},"minecraft:dropped":{"minecraft:wheat_seeds":2,"minecraft:crossbow":3,"minecraft:yellow_terracotta":1,"minecraft:cooked_mutton":3,"minecraft:potato":4,"minecraft:shield":2,"minecraft:torch":1,"minecraft:cut_sandstone":5,"minecraft:golden_sword":1,"minecraft:sandstone":18,"minecraft:arrow":33,"minecraft:stone_pickaxe":2,"minecraft:black_wool":1,"minecraft:bucket":1}},"DataVersion":3465}